7.270284783887715818e+00,-2.697720672063896874e+00,0.000000000000000000e+00
3.445083517250833172e+00,-3.253417139494426458e+00,1.000000000000000000e+00
4.766415727290405968e+00,-2.703226801174361871e+00,1.000000000000000000e+00
3.410055979414986282e+00,-3.354248436305651282e+00,1.000000000000000000e+00
4.657411655652281546e+00,-2.178781151657500192e+00,1.000000000000000000e+00
5.508967350370697957e+00,-2.395561296438808441e+00,1.000000000000000000e+00
5.162437734859765648e+00,-1.490317482006175309e+00,1.000000000000000000e+00
2.320181226236158967e+00,-2.666834909727331393e-01,1.000000000000000000e+00
7.302003751831174228e+00,-1.352424278323690610e+00,0.000000000000000000e+00
9.512127955128802270e+00,-9.464293171201070276e-01,0.000000000000000000e+00
7.757767025777524417e+00,-1.818223148752845519e+00,0.000000000000000000e+00
6.487623104961025788e+00,-3.419629101773010493e+00,0.000000000000000000e+00
8.852647626638052714e+00,-2.723286067661621068e+00,0.000000000000000000e+00
2.933822272663275221e+00,-3.610048189841968291e+00,1.000000000000000000e+00
4.557073416671358679e+00,-2.017908474900135474e+00,1.000000000000000000e+00
9.825941048209649864e+00,-2.473388544542005185e+00,0.000000000000000000e+00
8.117987098311091998e+00,-5.193676613186196889e+00,0.000000000000000000e+00
6.850775089029613518e+00,-2.266672086716805978e+00,0.000000000000000000e+00
9.904811936624819069e+00,-1.825241980713330658e+00,0.000000000000000000e+00
5.735442326404220914e+00,-5.358778427716693216e+00,1.000000000000000000e+00
3.793671795354669474e+00,-3.558213915192877774e+00,1.000000000000000000e+00
4.612164997504197395e+00,-4.515912990062122212e+00,1.000000000000000000e+00
9.834580876454088738e+00,-1.978299454934863144e+00,0.000000000000000000e+00
3.978135190785609510e+00,-1.513660855352962908e+00,1.000000000000000000e+00
3.988729448743341788e+00,-1.293601602036383635e+00,1.000000000000000000e+00
4.302552386202605383e+00,-2.557344417385243762e+00,1.000000000000000000e+00
8.689265584643475648e+00,-3.985758249590205970e+00,0.000000000000000000e+00
4.674901579419124431e+00,-2.339507372498100590e+00,1.000000000000000000e+00
8.992608319770363678e+00,-3.818069246917235926e+00,0.000000000000000000e+00
2.668033886308938563e+00,-1.571707808106919790e+00,1.000000000000000000e+00
5.495107850212840539e+00,-2.442997681208355587e+00,1.000000000000000000e+00
5.316677535825996337e+00,-1.548943813948246984e+00,1.000000000000000000e+00
8.585031453819693681e+00,-2.477993478448939690e+00,0.000000000000000000e+00
9.413290149734175216e+00,-2.640484525765796064e+00,0.000000000000000000e+00
8.984427413461297363e+00,-3.045055590812497215e+00,0.000000000000000000e+00
5.397956347959465440e+00,-1.691142967298166599e+00,1.000000000000000000e+00
2.464966839212813898e+00,-3.286036596187084768e+00,1.000000000000000000e+00
5.426647479904707971e+00,-4.178217112931637445e+00,1.000000000000000000e+00
8.539278886013304870e+00,-2.705670071481359962e+00,0.000000000000000000e+00
9.110581668720181270e+00,-9.739746153244910332e-02,0.000000000000000000e+00
4.011822939506750174e+00,-3.389954297339445421e+00,1.000000000000000000e+00
4.786450424105765045e+00,-3.241501632832180846e+00,1.000000000000000000e+00
8.990808389296143233e+00,-2.507619755681596452e+00,0.000000000000000000e+00
4.764182459885853760e+00,-3.055540219945444669e+00,1.000000000000000000e+00
8.211262078773696516e+00,-1.146440814345182080e+00,0.000000000000000000e+00
5.195153914088512792e+00,-3.459229259088060893e+00,1.000000000000000000e+00
6.241653573063945970e+00,-1.939631255602187299e+00,1.000000000000000000e+00
5.554528610751307660e+00,-2.678664006657841767e+00,1.000000000000000000e+00
4.624331667847799920e+00,-2.623928834810950406e+00,1.000000000000000000e+00
3.513834233700918741e+00,-2.189132735602379753e+00,1.000000000000000000e+00
4.125451172241263009e+00,-2.381684487686889007e+00,1.000000000000000000e+00
5.059853930038104686e+00,-1.652235487693182181e+00,1.000000000000000000e+00
4.753006984819927894e+00,-2.713514000271689763e+00,1.000000000000000000e+00
7.865038601494920734e+00,-2.865360173881750239e+00,0.000000000000000000e+00
5.315672708637139365e+00,-3.140163855278381710e+00,1.000000000000000000e+00
8.896715506870634727e+00,-1.799644978233511994e+00,0.000000000000000000e+00
7.271142341785900243e+00,-1.366177077130272366e+00,0.000000000000000000e+00
4.405361481909004340e+00,-3.419925144001952688e+00,1.000000000000000000e+00
3.209082756213672560e+00,-3.148728673286757207e+00,1.000000000000000000e+00
9.147448588048424867e+00,-1.248564440713685109e+00,0.000000000000000000e+00
8.585714875653399858e+00,-3.914585342491619713e+00,0.000000000000000000e+00
3.593288039751099117e+00,-2.818141075442897492e+00,1.000000000000000000e+00
3.681164955074126333e+00,-3.453473908334655285e+00,1.000000000000000000e+00
5.435445576792583999e+00,-2.194294632943457390e+00,1.000000000000000000e+00
5.878039752231895676e+00,-3.003974749989967830e+00,0.000000000000000000e+00
3.971395074110839474e+00,-2.493559788645875575e+00,1.000000000000000000e+00
1.015031911781849239e+01,-1.323578665925944087e+00,0.000000000000000000e+00
4.607824581827665078e+00,-4.129150526451547343e+00,1.000000000000000000e+00
1.090901009395943255e+01,-1.814349263803156642e+00,0.000000000000000000e+00
4.226058807090580238e+00,-2.949696772297488945e+00,1.000000000000000000e+00
4.369946832207807219e+00,-3.425758779763467210e+00,1.000000000000000000e+00
8.189766439162287526e+00,-4.210763907174932541e+00,0.000000000000000000e+00
2.794796489314077981e+00,-3.098695288562546946e+00,1.000000000000000000e+00
9.127445958383734848e+00,-2.413286120004994650e+00,0.000000000000000000e+00
7.583105370892035957e+00,-2.240471978540820697e+00,0.000000000000000000e+00
4.930041547466371021e+00,-1.959412488648247797e+00,1.000000000000000000e+00
4.010425965777275614e+00,-2.840383125204420267e+00,1.000000000000000000e+00
7.751602312001318218e+00,-2.842394978743843836e+00,0.000000000000000000e+00
4.300886360179744905e+00,-2.414713228885525975e+00,1.000000000000000000e+00
8.097097088364346718e+00,-2.625221829911684956e+00,0.000000000000000000e+00
3.994638364639537809e+00,-2.343070396542484168e+00,1.000000000000000000e+00
3.807004117431338042e+00,-3.346574411742999189e+00,1.000000000000000000e+00
7.327610947594962454e+00,-2.544880898854179563e+00,0.000000000000000000e+00
3.455845869973523499e+00,-3.652845883465032806e+00,1.000000000000000000e+00
7.314836456260560560e+00,-8.781292484687019950e-02,0.000000000000000000e+00
5.160153303451713747e+00,-1.995369517672351822e+00,1.000000000000000000e+00
3.242263280412597481e+00,-3.525953962846785750e+00,1.000000000000000000e+00
5.797165459849672686e+00,-4.221267841520284669e+00,1.000000000000000000e+00
5.049356267419729427e+00,-2.595004076839459106e+00,1.000000000000000000e+00
7.842383588826612240e+00,-1.336545012668839405e+00,0.000000000000000000e+00
8.189240660186204224e+00,-3.276549774984263586e+00,0.000000000000000000e+00
3.682562289142989442e+00,-2.555779067514432068e+00,1.000000000000000000e+00
6.901361890099655838e+00,-1.751142324891580504e+00,0.000000000000000000e+00
3.279963856977668790e+00,-2.655650998272351071e+00,1.000000000000000000e+00
9.537042288393893230e+00,-2.960035951086818606e+00,0.000000000000000000e+00
4.435732201612599290e+00,-2.418055466297140743e+00,1.000000000000000000e+00
8.769208706422569222e+00,-2.915427372032353581e+00,0.000000000000000000e+00
8.263165661885476965e+00,-2.987749580795598270e+00,0.000000000000000000e+00
8.987648780886738464e+00,-1.193679421891701509e+00,0.000000000000000000e+00
4.698484426223004995e+00,-2.704231620840126471e+00,1.000000000000000000e+00
7.380092757093939859e+00,-3.480356714514190930e+00,0.000000000000000000e+00
4.087428713402524671e+00,-3.624052006272060034e+00,1.000000000000000000e+00
9.644745818066274623e+00,-1.285953728702603716e+00,0.000000000000000000e+00
2.561647124380617146e+00,-3.816430451809480040e+00,1.000000000000000000e+00
8.728892430503259803e+00,-3.557199801559405294e-01,0.000000000000000000e+00
7.681078927279577861e+00,-1.483000923202060672e+00,0.000000000000000000e+00
8.384579342533728052e+00,-3.074946437066027549e+00,0.000000000000000000e+00
5.557694465810756768e+00,-4.119566831747527580e+00,1.000000000000000000e+00
5.787548781195227754e+00,-3.662853865539916320e+00,1.000000000000000000e+00
6.352709843756701780e+00,-3.064477123757501253e+00,0.000000000000000000e+00
6.801184848480033907e+00,-1.947520315832713456e+00,0.000000000000000000e+00
4.983477113347302812e+00,-4.481577321668439140e+00,1.000000000000000000e+00
3.699299661893460822e+00,-1.770967862678394233e+00,1.000000000000000000e+00
9.360522581082021176e+00,-2.695447924412396112e+00,0.000000000000000000e+00
8.853267961677566689e+00,-2.341659688505993930e+00,0.000000000000000000e+00
7.849907947292643406e+00,-2.713040454339942453e+00,0.000000000000000000e+00
9.067536657820692625e+00,-2.992791007710410067e+00,0.000000000000000000e+00
5.004104111133001354e+00,-4.361751618795335794e+00,1.000000000000000000e+00
9.864336628372706528e+00,-2.591557002135637777e+00,0.000000000000000000e+00
7.663890708807568508e+00,-3.278601932020150045e+00,0.000000000000000000e+00
7.541033820974906376e+00,-1.475020136670956106e+00,0.000000000000000000e+00
7.274788033827839229e+00,-2.995527191499425257e+00,0.000000000000000000e+00
8.831974928405902148e+00,-2.972655583446111915e+00,0.000000000000000000e+00
7.606161491407239517e+00,-2.278640968823103297e+00,0.000000000000000000e+00
7.930412216649560087e+00,-3.175465548120338877e+00,1.000000000000000000e+00
8.998211293018055557e+00,-2.320013687063203101e+00,0.000000000000000000e+00
1.581058787176059521e+00,-3.263950405797686027e+00,1.000000000000000000e+00
6.733892173207892462e+00,-1.625951471115239855e+00,0.000000000000000000e+00
6.083162804308107852e+00,-3.242383685154159423e+00,0.000000000000000000e+00
4.075950690280871314e+00,-3.754675885836768590e+00,1.000000000000000000e+00
6.619819886882507554e+00,-1.976638025890989248e+00,0.000000000000000000e+00
9.284425196222574783e+00,-2.973843389842239837e+00,0.000000000000000000e+00
8.070098950951853922e+00,-3.839126685696633956e+00,0.000000000000000000e+00
1.013510507852711484e+01,-1.045155546130966062e+00,0.000000000000000000e+00
7.530352857526112054e+00,-2.668531208135367372e+00,0.000000000000000000e+00
4.937031158811023168e+00,-4.049334877355885709e+00,1.000000000000000000e+00
7.748869737910012212e+00,-2.329912462682996566e+00,0.000000000000000000e+00
3.936551326997251632e+00,-1.332939354471670779e+00,1.000000000000000000e+00
9.721250442107745471e+00,-2.283064629165771464e+00,0.000000000000000000e+00
3.964670143724746243e+00,-3.761155124108553238e+00,1.000000000000000000e+00
3.455991131317337484e+00,-7.799008301352872152e-01,1.000000000000000000e+00
8.598118109313837465e+00,-3.154137523965117040e+00,0.000000000000000000e+00
4.130979075386167487e+00,-2.497045432778785212e+00,1.000000000000000000e+00
9.573159124457403024e+00,-2.152736193269674025e+00,0.000000000000000000e+00
8.659143628960688233e+00,-1.891882982767133958e+00,0.000000000000000000e+00
8.667325633064514534e+00,-3.840082059915520318e+00,0.000000000000000000e+00
9.014728734805018462e+00,-2.113149715769838011e+00,0.000000000000000000e+00
6.994817321727387238e+00,-2.634785551548012084e+00,0.000000000000000000e+00
3.476335308799032742e+00,-3.248184806005494529e+00,1.000000000000000000e+00
1.867328107948548865e+00,-3.836990050335753022e+00,1.000000000000000000e+00
4.176973506824439575e+00,-2.892936858741629091e+00,1.000000000000000000e+00
4.346462317298087186e+00,-2.954223687702686618e+00,1.000000000000000000e+00
3.954108534850944157e+00,-2.217318496881884204e+00,1.000000000000000000e+00
5.960704880806827255e+00,-2.712322494830710529e+00,1.000000000000000000e+00
3.970473560342439256e+00,-3.344981120735201596e+00,1.000000000000000000e+00
8.668168997459948955e+00,-1.790943314883767901e+00,0.000000000000000000e+00
6.083579137220749722e+00,-1.396828818784176862e+00,1.000000000000000000e+00
8.405864937060968600e+00,-8.271058314547541368e-01,0.000000000000000000e+00
8.555195139311457808e+00,-3.160763202310290954e+00,0.000000000000000000e+00
5.903344320347574836e+00,-2.914617694771389544e+00,1.000000000000000000e+00
7.092342735785406305e+00,-1.235571684258991665e+00,0.000000000000000000e+00
8.193113457142519707e+00,-3.331499537328620697e+00,0.000000000000000000e+00
8.585938109842755850e+00,-3.079964267883991802e+00,0.000000000000000000e+00
3.647522684455882125e+00,-1.828907953432760358e+00,1.000000000000000000e+00
4.281918885579839795e+00,-2.839232551229036172e+00,1.000000000000000000e+00
5.208633507004917895e+00,-1.770282717459355171e+00,1.000000000000000000e+00
3.852797608686735931e+00,-4.807197027387147159e+00,1.000000000000000000e+00
3.168746348412019742e+00,-2.099545498665501331e+00,1.000000000000000000e+00
8.886572602752865535e+00,-6.820602634299959277e-01,0.000000000000000000e+00
9.287183128432772605e+00,-2.045561498186540206e+00,0.000000000000000000e+00
9.445830671217056107e+00,-2.581624058972367131e+00,0.000000000000000000e+00
4.278269526241817111e+00,-2.415425010996921085e+00,1.000000000000000000e+00
4.557732606364321093e+00,-4.882099052952563412e+00,1.000000000000000000e+00
8.643549553700530907e+00,-1.588860997926013097e+00,0.000000000000000000e+00
6.183221102084231369e+00,-3.605836835880976032e+00,1.000000000000000000e+00
4.213994083168733695e+00,-1.767573587574467364e+00,1.000000000000000000e+00
2.590268276959402538e+00,-3.040833109416091862e+00,1.000000000000000000e+00
8.194662781805696739e+00,-2.858170555239764710e+00,0.000000000000000000e+00
6.138379107404647428e+00,-1.423872843432282265e+00,1.000000000000000000e+00
5.614506264513493328e+00,-3.550947787277094925e+00,1.000000000000000000e+00
4.710343727137738412e+00,-2.247479352147917719e+00,1.000000000000000000e+00
9.118438686774487323e+00,-2.339941978925738297e+00,0.000000000000000000e+00
9.692804291624785407e+00,-2.321157088982376049e+00,0.000000000000000000e+00
4.399785707267352741e+00,-2.806354457932991320e+00,1.000000000000000000e+00
9.893550027120001644e+00,-2.276956967235330254e+00,0.000000000000000000e+00
7.994133458114673907e+00,-6.348237244185590544e-01,0.000000000000000000e+00
4.933319850155345243e+00,-2.356438380018730960e+00,1.000000000000000000e+00
6.266448775698911788e+00,-9.812202917893975140e-01,0.000000000000000000e+00
8.763660916060810990e+00,-2.731170648808234347e+00,0.000000000000000000e+00
5.619452657126961626e+00,-4.068694046216281279e+00,1.000000000000000000e+00
4.131632542124346941e+00,-3.142489884524528154e+00,1.000000000000000000e+00
5.200393210632140217e+00,-2.133705312700231005e+00,1.000000000000000000e+00
6.615934995227766180e+00,-3.198580805486137546e+00,1.000000000000000000e+00
4.007160258391682106e+00,-8.174130726650354895e-01,1.000000000000000000e+00
7.145242892344485952e+00,-2.333297008336959077e+00,0.000000000000000000e+00
5.486710154641036397e+00,-2.783003421490453100e+00,1.000000000000000000e+00
5.689657868695768173e+00,-3.364238131976457602e+00,0.000000000000000000e+00
8.794275910563374765e+00,-1.504948566473569560e+00,0.000000000000000000e+00
7.498837095602379321e+00,-3.631628947267526719e+00,0.000000000000000000e+00
6.572713341885447313e+00,-8.978519378496070402e-01,0.000000000000000000e+00
4.333494020163294103e+00,-2.665278978433466506e+00,1.000000000000000000e+00
8.507130438360528402e+00,-5.089911354770451979e+00,0.000000000000000000e+00
7.861200677766489342e+00,-2.591119121703124417e+00,0.000000000000000000e+00
3.994925782373426326e+00,-3.581983252581536270e+00,1.000000000000000000e+00
3.472149970157607068e+00,-2.783275681873292662e+00,1.000000000000000000e+00
8.374846036595643639e+00,-7.300094403226082829e-01,0.000000000000000000e+00
4.760824718914456355e+00,-2.585090861621303748e+00,1.000000000000000000e+00
9.210803816836627078e+00,-1.933020903637896248e+00,0.000000000000000000e+00
6.009731572371865838e+00,-3.648854626887343855e+00,1.000000000000000000e+00
4.129095436622765902e+00,-1.791048136935853963e+00,1.000000000000000000e+00
2.762528618785856427e+00,-2.672028320349962183e+00,1.000000000000000000e+00
4.991200975655842420e+00,-4.009769977441904665e+00,1.000000000000000000e+00
7.881844710700961265e+00,-3.339602578255725707e+00,0.000000000000000000e+00
4.907041550413782538e+00,-4.349748235914558947e+00,1.000000000000000000e+00
8.351363119812472036e+00,-2.763505253793960392e+00,0.000000000000000000e+00
4.867606058453723961e+00,-2.616859583200356276e+00,1.000000000000000000e+00
5.086762336689123920e+00,-3.301167797869780873e+00,1.000000000000000000e+00
7.816999626702414439e+00,-2.841938635146457948e+00,0.000000000000000000e+00
8.730090710902661755e+00,-3.169140248110244418e+00,0.000000000000000000e+00
4.506303710726558442e+00,-2.367577224632930299e+00,1.000000000000000000e+00
7.046008098295066802e+00,-3.659500297113529310e+00,0.000000000000000000e+00
8.768864871029247610e+00,-1.761187565719717574e+00,0.000000000000000000e+00
7.026871154910109496e+00,-1.984646878075702947e+00,0.000000000000000000e+00
7.004593642672351628e+00,-1.962652908711029376e+00,0.000000000000000000e+00
8.305551405360736439e+00,-1.347660163969494507e+00,0.000000000000000000e+00
4.239270317864293425e+00,-3.036543236247057465e+00,1.000000000000000000e+00
4.140607328142914767e+00,-3.517498547417980514e+00,1.000000000000000000e+00
5.673590867493243373e+00,-2.163865021756484985e+00,1.000000000000000000e+00
9.094876190263846638e+00,-1.232080106980481427e+00,0.000000000000000000e+00
5.630230331072790584e+00,-2.998915624711193662e+00,1.000000000000000000e+00
7.889186154355554592e+00,-1.853585645574677532e+00,0.000000000000000000e+00
4.035893957618533534e+00,-4.286863307896527253e+00,1.000000000000000000e+00
9.313154212951699762e+00,-2.663319306279920085e+00,0.000000000000000000e+00
4.887882544879431634e+00,-1.376690312408578531e+00,1.000000000000000000e+00
8.923892704061808345e+00,-9.777756552463932049e-01,0.000000000000000000e+00
4.463472512395023628e+00,-3.962622658443351931e+00,1.000000000000000000e+00
5.416647293283519460e+00,-1.486162248783997608e+00,1.000000000000000000e+00
7.148558883578850498e+00,-2.095853088795012642e+00,0.000000000000000000e+00
1.002185944417693619e+01,-1.572324876541595362e+00,0.000000000000000000e+00
8.897714197321294094e+00,-1.812161172324482372e+00,0.000000000000000000e+00
6.207570498143326176e+00,-3.563173645693809455e+00,1.000000000000000000e+00
8.432808517356811251e+00,-1.611386060357474781e+00,0.000000000000000000e+00
4.643739949656075616e+00,-2.791303900881316746e+00,1.000000000000000000e+00
9.297133193613817070e+00,-1.349456845975281150e+00,0.000000000000000000e+00
4.476300748173525967e+00,-2.916654994547991375e+00,1.000000000000000000e+00
4.769054441058042215e+00,-2.481626220060042964e+00,0.000000000000000000e+00
5.132459029386438942e+00,-2.096815478037355795e+00,1.000000000000000000e+00
4.430089681298630566e+00,-2.397945353204905317e+00,1.000000000000000000e+00
8.308957617292312747e+00,-4.103761871531762750e+00,0.000000000000000000e+00
8.875209135142723582e+00,-1.569121465490241896e+00,0.000000000000000000e+00
6.331431251141006911e+00,-2.276893021124093419e+00,0.000000000000000000e+00
8.776861591161845055e+00,-2.669405932703571516e+00,0.000000000000000000e+00
8.123711503337073481e+00,-2.468459295813319798e+00,0.000000000000000000e+00
4.501344629448591483e+00,-3.334457722551410708e+00,1.000000000000000000e+00
7.618418242115373218e+00,-7.609292921979000646e-01,0.000000000000000000e+00
4.491176445572443221e+00,-3.812718726406973513e+00,1.000000000000000000e+00
6.604898900400639761e+00,-2.754224460480512171e+00,1.000000000000000000e+00
7.473441096686807228e+00,-1.920225988521031102e+00,0.000000000000000000e+00
7.979430204632307344e+00,-3.813892320668414548e+00,0.000000000000000000e+00
9.072913972347036449e+00,-2.245973461009153294e+00,0.000000000000000000e+00
5.851033550079442591e+00,-2.563707551283621378e+00,1.000000000000000000e+00
6.899412901970617185e+00,-1.728683764387314081e+00,0.000000000000000000e+00
3.028210222961861042e+00,-2.532470350625460664e+00,1.000000000000000000e+00
4.939484980414099446e+00,-3.780681317170342837e+00,1.000000000000000000e+00
9.577105309440231196e+00,-1.246424238334888912e+00,0.000000000000000000e+00
9.165789414867463236e+00,-3.210581752052243942e+00,0.000000000000000000e+00
4.881201202781222825e+00,-2.882171160428304901e+00,1.000000000000000000e+00
5.126849314526599422e+00,-1.564173685068480202e+00,1.000000000000000000e+00
8.560868576375067818e+00,-2.513785791166839978e+00,0.000000000000000000e+00
5.246847679422866229e+00,-5.241359495346888941e+00,1.000000000000000000e+00
8.621218099055848683e+00,-1.727879466253677165e+00,0.000000000000000000e+00
5.199953638930153943e+00,-3.558984929139751952e+00,1.000000000000000000e+00
9.236878582448895258e+00,-1.112945199565075871e+00,0.000000000000000000e+00
9.336402234480145168e+00,-2.809432720711049658e+00,0.000000000000000000e+00
3.163640605543784901e+00,-2.552946199479292133e+00,1.000000000000000000e+00
7.852065137615072743e+00,-1.612084072956083691e+00,0.000000000000000000e+00
4.041850083166742991e+00,-4.626021843239280784e+00,1.000000000000000000e+00
4.325991666192711804e+00,-4.529513781058676969e+00,1.000000000000000000e+00
7.517823014324114261e+00,-3.576700971237520399e+00,0.000000000000000000e+00
8.644640489113248449e+00,-1.476086491246771937e+00,0.000000000000000000e+00
3.566522173859051570e+00,-2.457698927747824058e+00,1.000000000000000000e+00
5.206388811215884260e+00,-4.018830853639136613e+00,1.000000000000000000e+00
6.288676397525610362e+00,-2.127334890862734085e+00,0.000000000000000000e+00
4.222277678248401500e+00,-1.247678955646458476e+00,1.000000000000000000e+00
1.004555610880534466e+01,-2.465459429890892729e+00,0.000000000000000000e+00
7.430666069349349812e+00,-1.710074593037523627e+00,0.000000000000000000e+00
7.266636777249507517e+00,-1.707290154163469742e+00,0.000000000000000000e+00
5.003001057266931006e+00,-3.410511053670355341e+00,1.000000000000000000e+00
5.173128097398338454e+00,-3.188899194271089588e+00,1.000000000000000000e+00
6.565301567025469964e+00,-2.493844682247967626e+00,0.000000000000000000e+00
5.861962187857244544e+00,-1.438275920802085883e+00,0.000000000000000000e+00
3.033535777392071253e+00,-2.364859760409307565e+00,1.000000000000000000e+00
5.871018376708239117e+00,-4.128721216225025081e+00,1.000000000000000000e+00
8.907040343434918128e+00,-2.400329821154352672e+00,0.000000000000000000e+00
8.422439955791304556e+00,-1.338100360365794605e+00,0.000000000000000000e+00
9.817038603956856235e+00,-4.144866781453954374e+00,0.000000000000000000e+00
4.872519883767806981e+00,-3.298920196895074319e+00,1.000000000000000000e+00
5.186163388296702870e+00,-2.764899736850918721e+00,0.000000000000000000e+00
6.373758716615482989e+00,-6.513006855706913178e-01,1.000000000000000000e+00
3.900717232097323350e+00,-4.437364399181181973e+00,1.000000000000000000e+00
9.269640875234895105e+00,-2.603810372930770445e+00,0.000000000000000000e+00
4.397208251348883046e+00,-3.136988138807998538e+00,1.000000000000000000e+00
8.761969557934069286e+00,-2.699136984629860958e+00,0.000000000000000000e+00
7.531433219127380063e+00,-2.858379128819532156e+00,0.000000000000000000e+00
7.772602301674146119e+00,6.916810178922920826e-01,0.000000000000000000e+00
7.986667589256136068e+00,-2.479530916635707349e+00,0.000000000000000000e+00
4.877090354401736327e+00,-2.248767040552128282e+00,1.000000000000000000e+00
7.051831019985435489e+00,-2.297891010119656574e+00,0.000000000000000000e+00
9.329467158924847681e+00,-1.031570794746553110e+00,0.000000000000000000e+00
7.910146443302994435e+00,-2.326504898342532268e+00,0.000000000000000000e+00
8.207207963212752588e+00,-2.145688769428356402e+00,0.000000000000000000e+00
8.192089823201634147e+00,-1.688708558565289231e+00,0.000000000000000000e+00
1.089880082660087979e+01,-2.578543814388445377e+00,0.000000000000000000e+00
5.863392435559106275e+00,-2.447992865328066259e+00,0.000000000000000000e+00
8.297243672706201778e+00,-1.888204175568360288e+00,0.000000000000000000e+00
7.055526326436810436e+00,-3.452422463105154993e+00,0.000000000000000000e+00
5.306941807565396907e+00,-1.982343299444596418e+00,1.000000000000000000e+00
4.065042926153396685e+00,-2.848129773930977215e+00,1.000000000000000000e+00
4.636349189889740430e+00,-1.391383575900296821e+00,1.000000000000000000e+00
2.519022939344995216e+00,-2.580888981238468993e+00,1.000000000000000000e+00
8.259628081575709047e+00,-1.256187640085618673e+00,0.000000000000000000e+00
8.365064837680316501e+00,-3.399704534357730346e+00,0.000000000000000000e+00
4.374506174291405536e+00,-2.634867728579729729e+00,1.000000000000000000e+00
9.861406845710943614e+00,-1.844153383000109336e+00,0.000000000000000000e+00
4.923545101035005978e+00,-1.737832349816391897e+00,1.000000000000000000e+00
6.973171795004631690e+00,-3.184676548300577892e+00,0.000000000000000000e+00
8.916342806294899503e+00,-9.942442817059258253e-01,0.000000000000000000e+00
8.328821535748643257e+00,-1.575691168037940848e+00,0.000000000000000000e+00
5.175978330007671602e+00,-4.187253437586005766e+00,1.000000000000000000e+00
7.734659429230568151e+00,-3.271031963486463745e+00,0.000000000000000000e+00
7.504255793367855532e+00,-4.312063509178388543e+00,0.000000000000000000e+00
5.526187904410669205e+00,-3.187260904520807347e+00,1.000000000000000000e+00
5.182449458410429699e+00,-3.018091744380199337e+00,1.000000000000000000e+00
3.495961110911065539e+00,-4.939832191047234033e+00,1.000000000000000000e+00
2.899294476516527830e+00,-2.752541115122753457e+00,1.000000000000000000e+00
8.009027852497293765e+00,-1.783390203889100967e+00,0.000000000000000000e+00
7.967729916362078946e+00,-3.245285592023701149e+00,0.000000000000000000e+00
7.212304478568993815e+00,-2.056275969429381956e+00,0.000000000000000000e+00
3.311576467564967263e+00,-2.760446641331256501e+00,1.000000000000000000e+00
4.685642304648625078e+00,-2.060574482891639470e+00,1.000000000000000000e+00
8.303470246796212706e+00,-1.266832485717691803e+00,0.000000000000000000e+00
7.343171675766452466e+00,-2.083231162778702128e+00,0.000000000000000000e+00
5.379554480012242124e+00,-1.926481153722084283e+00,1.000000000000000000e+00
4.797314028170480249e+00,-2.636272817046894090e+00,1.000000000000000000e+00
3.047620195911217245e+00,-2.881969459054003480e+00,1.000000000000000000e+00
5.419113571641102745e+00,-2.179742017866546977e+00,1.000000000000000000e+00
4.737345667727652199e+00,-3.806513999169859552e+00,1.000000000000000000e+00
9.600371845402086990e+00,-1.827438625313489329e+00,0.000000000000000000e+00
9.366819426390943448e+00,4.141564158598853851e-02,0.000000000000000000e+00
3.819991985250494881e+00,-3.570628295970160515e+00,1.000000000000000000e+00
9.012620440985063652e+00,-1.069530119513510069e+00,0.000000000000000000e+00
6.860138509073872015e+00,-2.438534787096839906e+00,0.000000000000000000e+00
4.529900621708056185e+00,-3.131188237349521231e+00,1.000000000000000000e+00
8.473581205247022297e+00,-2.035672814790220109e+00,0.000000000000000000e+00
9.265972752986009198e+00,-1.450165963659778789e+00,0.000000000000000000e+00
8.871482609849239864e+00,-2.701151887245071048e+00,0.000000000000000000e+00
2.841090456506459638e+00,-2.184925519119088833e+00,1.000000000000000000e+00
4.233032083094775189e+00,-3.399802122357721501e+00,1.000000000000000000e+00
8.649169128154287733e+00,-1.376282963838206808e+00,0.000000000000000000e+00
4.500619894484260364e+00,-1.417588906682962113e+00,1.000000000000000000e+00
4.735053385324341946e+00,-2.040015204904481738e+00,1.000000000000000000e+00
4.394377807367837008e+00,-3.353736275044972626e+00,1.000000000000000000e+00
4.541416978163321794e+00,-3.288531350632320827e+00,1.000000000000000000e+00
8.712415837591134249e+00,-2.621179295156596645e+00,0.000000000000000000e+00
8.658900901915112414e+00,-1.378017051296869244e+00,0.000000000000000000e+00
1.012577776241785621e+01,-1.748713380680381402e+00,0.000000000000000000e+00
3.843387972816042719e+00,-1.632751659835140590e+00,1.000000000000000000e+00
3.923667871683406361e+00,-3.384248465470979905e+00,1.000000000000000000e+00
3.084131391096307517e+00,-4.881694272675772162e+00,1.000000000000000000e+00
7.816991477922986320e+00,-1.655685656381079562e+00,0.000000000000000000e+00
7.959140256481527231e+00,-1.381300367044208333e+00,0.000000000000000000e+00
7.863957693092519463e+00,-3.923477129743432101e+00,0.000000000000000000e+00
5.267240574637447992e+00,-3.186207550159995350e+00,1.000000000000000000e+00
9.510716387769852176e+00,-2.568458931112527655e+00,0.000000000000000000e+00
7.465690116967486745e+00,-1.683479550324602947e+00,0.000000000000000000e+00
5.823153693374361062e+00,-8.704765272046399716e-01,1.000000000000000000e+00
9.713759260444621901e+00,-6.855628471939765323e-01,0.000000000000000000e+00
3.433079340473969232e+00,-3.781972819410884146e+00,1.000000000000000000e+00
6.841577993352444764e+00,-1.487047461448473440e+00,0.000000000000000000e+00
7.537004081106694287e+00,-2.523793369959074440e+00,0.000000000000000000e+00
4.275250565166834882e+00,-3.195492864910530972e+00,1.000000000000000000e+00
5.629416512937035044e+00,-2.133125550464188613e+00,0.000000000000000000e+00
8.028010700602647987e+00,-2.480114441284204663e+00,0.000000000000000000e+00
4.161450095757963652e+00,-2.913785121713244664e+00,1.000000000000000000e+00
5.869016112363430793e+00,-3.146909255120772020e+00,1.000000000000000000e+00
8.008387379366716630e+00,-2.392249020743006938e+00,0.000000000000000000e+00
8.210270375462279446e+00,-1.621324098518641676e-01,0.000000000000000000e+00
8.227803826247539476e+00,-1.699225058277725520e+00,0.000000000000000000e+00
4.584290916805445981e+00,-2.430174901355896644e+00,1.000000000000000000e+00
5.724900080562548510e+00,-2.704092647099302749e+00,1.000000000000000000e+00
6.282662599328987518e+00,-3.108202182516679457e+00,0.000000000000000000e+00
4.616662017722996225e+00,-2.021388156524898783e+00,1.000000000000000000e+00
8.647295189312410812e+00,-3.471121873527056589e+00,0.000000000000000000e+00
5.181696792764354242e+00,-2.928331239560518107e+00,1.000000000000000000e+00
3.677828302129988014e+00,-4.368605909699319056e+00,1.000000000000000000e+00
4.235688082609141425e+00,-3.003844741530832252e+00,1.000000000000000000e+00
9.920874841442895331e+00,-3.622207895718267956e+00,0.000000000000000000e+00
4.873773081227463777e+00,-4.772751642051977328e+00,1.000000000000000000e+00
5.664237336507196297e+00,-4.340462831913404429e+00,1.000000000000000000e+00
5.428190963018908022e+00,-2.685256619292195612e+00,1.000000000000000000e+00
8.020688687787762561e+00,-2.387615246868914465e+00,0.000000000000000000e+00
8.770561017375010593e+00,-3.370332868676643834e+00,0.000000000000000000e+00
5.002084952013595931e+00,-3.870842045984643320e+00,1.000000000000000000e+00
3.196839237358878538e+00,-3.805718728940571616e+00,1.000000000000000000e+00
6.911456379166841302e+00,-2.707510942159729872e+00,0.000000000000000000e+00
4.711857087512372644e+00,-1.979666537429302764e+00,1.000000000000000000e+00
4.008034818778590136e+00,-1.714077773505376712e+00,1.000000000000000000e+00
1.013701675019877335e+01,-2.305353051649733587e+00,0.000000000000000000e+00
7.318092336357867822e+00,-1.429228101379101723e+00,0.000000000000000000e+00
4.552218200887350186e+00,-2.986168682745068637e+00,1.000000000000000000e+00
5.491991233097166081e+00,-2.090089295828694738e+00,1.000000000000000000e+00
4.121704140117284254e+00,-3.397676819033528695e+00,1.000000000000000000e+00
6.944399962127401515e+00,-1.470364708102909201e+00,0.000000000000000000e+00
9.333669525648073062e+00,-2.468753740484102455e+00,0.000000000000000000e+00
7.780130313073923887e+00,-1.994274611958190002e+00,0.000000000000000000e+00
4.738543196445987427e+00,-4.757966693834216443e+00,1.000000000000000000e+00
7.264603910309921808e+00,-3.842140685558129931e+00,0.000000000000000000e+00
6.637351676630947495e+00,-2.311109257786053472e+00,1.000000000000000000e+00
8.710192361089200475e+00,-5.773485347622269170e-01,0.000000000000000000e+00
8.689486928918233488e+00,-2.173357919671289551e+00,0.000000000000000000e+00
5.913485841424839684e+00,-2.650422850661088070e+00,1.000000000000000000e+00
8.381895778061412727e+00,-4.303874457754121252e+00,0.000000000000000000e+00
6.050359651478260936e+00,-1.518719992404425900e+00,1.000000000000000000e+00
5.007443419499916004e+00,-3.143632024891512611e+00,1.000000000000000000e+00
4.023626526833688821e+00,-2.557126709089599270e+00,1.000000000000000000e+00
4.576509397444748828e+00,-4.143829606372717578e+00,1.000000000000000000e+00
6.620612267220347569e+00,-3.558887781793040439e+00,0.000000000000000000e+00
8.664395239820105843e+00,-3.665189424850917810e+00,0.000000000000000000e+00
8.894246041796401769e+00,-3.245847474296745805e-01,0.000000000000000000e+00
7.960739964318653605e+00,-2.938543194715305784e+00,0.000000000000000000e+00
4.496044797117352942e+00,-2.141826203868950618e+00,1.000000000000000000e+00
8.935472939517685731e+00,-3.063991952343524616e+00,0.000000000000000000e+00
7.365135796314651984e+00,-2.240825889914781932e+00,0.000000000000000000e+00
3.480461039636515430e+00,-2.405262028236768490e+00,1.000000000000000000e+00
4.752666577224036182e+00,-2.403913033242504049e-01,1.000000000000000000e+00
3.291233580510041001e+00,-4.442137828857248394e+00,1.000000000000000000e+00
5.325025483972484430e+00,-2.980986422674693603e+00,1.000000000000000000e+00
7.050702606982894416e+00,-1.742229989906644017e+00,0.000000000000000000e+00
7.374727383800364855e+00,-3.809202594843764444e+00,0.000000000000000000e+00
5.694698331921550505e+00,-2.850065273348781680e+00,1.000000000000000000e+00
4.605072128434390066e+00,-2.860853565941364973e+00,1.000000000000000000e+00
9.151781550394984421e+00,-2.912460388187282145e+00,0.000000000000000000e+00
6.657026531034379246e+00,-3.504563647561294015e+00,0.000000000000000000e+00
5.205223909526240256e+00,-2.163156010848429123e+00,1.000000000000000000e+00
1.018175558981818973e+01,-9.944379688178510701e-01,0.000000000000000000e+00
9.680187316942202358e+00,-2.347679496567828039e+00,0.000000000000000000e+00
8.855842863323712066e+00,-1.135476819792967662e+00,0.000000000000000000e+00
4.099983670771797151e+00,-1.610638639782672188e+00,1.000000000000000000e+00
4.424392686627438565e+00,-2.770158733453413014e+00,1.000000000000000000e+00
8.362341197238871260e+00,-2.335254106209002867e+00,0.000000000000000000e+00
8.920971570310081589e+00,-1.652367243246013473e+00,0.000000000000000000e+00
6.208564973085803018e+00,-2.051233340289208673e+00,0.000000000000000000e+00
4.649279571184235849e+00,-1.800058416510160741e+00,1.000000000000000000e+00
2.626305928218264807e+00,-3.648040562799486963e+00,1.000000000000000000e+00
6.747818869513212192e+00,-9.097371704731231912e-01,0.000000000000000000e+00
9.731735055943309121e+00,-1.690858770428389946e+00,0.000000000000000000e+00
8.997258208888780473e+00,-1.796253847864497821e+00,0.000000000000000000e+00
1.674031959557953808e+00,-2.792292285758910086e+00,1.000000000000000000e+00
4.405671393382309731e+00,-1.988609497305547258e+00,1.000000000000000000e+00
8.633732870130200965e+00,-1.357728012313596189e+00,0.000000000000000000e+00
5.624439984135860549e+00,-2.895822820104728468e+00,1.000000000000000000e+00
5.217208053568484161e+00,-2.766499620208604515e+00,1.000000000000000000e+00
4.262232882568179448e+00,-4.232030375819785029e+00,1.000000000000000000e+00
8.496955050105910345e+00,-1.016222753961379510e+00,0.000000000000000000e+00
8.257755053477085383e+00,-1.794797448573964171e+00,0.000000000000000000e+00
1.002808266800073689e+01,-5.984630865839444258e-01,0.000000000000000000e+00
3.557208831045868269e+00,-3.932724306751498311e+00,1.000000000000000000e+00
6.237851325292536053e+00,-2.089575694774834957e+00,0.000000000000000000e+00
8.793117948219283164e+00,-1.705354809272200844e+00,0.000000000000000000e+00
7.840706978024281959e+00,-3.680720878969362175e+00,0.000000000000000000e+00
4.341388581390093648e+00,-3.758302400625813000e+00,1.000000000000000000e+00
7.925494641836352550e+00,-2.478540174152628950e+00,0.000000000000000000e+00
7.324412064563189162e+00,-2.119236037722447286e+00,1.000000000000000000e+00
8.406170316943780918e+00,-1.833879450296430180e+00,0.000000000000000000e+00
6.001304988360860904e+00,-2.991069300094747252e+00,1.000000000000000000e+00
5.166856707327498910e+00,-2.516035176183279543e+00,1.000000000000000000e+00
5.135674481061715646e+00,-1.582549169835065994e+00,1.000000000000000000e+00
5.387668557514635914e+00,-4.031845803781112458e+00,1.000000000000000000e+00
2.595182021607686629e+00,-8.555522651688400870e-01,1.000000000000000000e+00
5.360237149482400376e+00,-2.237528553582017743e+00,1.000000000000000000e+00
4.112852343760923013e+00,-4.037459008987291043e+00,1.000000000000000000e+00
1.015187826934962345e+01,-1.736729687174978221e+00,0.000000000000000000e+00
8.447380349350238404e+00,-3.454733604249452306e+00,0.000000000000000000e+00
9.317871230517429382e+00,-2.331142822098921652e+00,0.000000000000000000e+00
1.016829436102707973e+01,-4.314882592341975354e+00,0.000000000000000000e+00
3.975715005829329574e+00,-2.664199200585547267e+00,1.000000000000000000e+00
7.915259629293195154e+00,-9.241509530256080129e-01,0.000000000000000000e+00
4.886942163118929372e+00,-2.351745589471662790e+00,1.000000000000000000e+00
4.490910604052328559e+00,-2.904699131717372484e+00,1.000000000000000000e+00
4.308676946802642682e+00,-3.139096818222690821e+00,1.000000000000000000e+00
5.801376254803225940e+00,-2.054003871872679188e+00,1.000000000000000000e+00
1.000343344645542665e+01,-2.710530558405444435e+00,0.000000000000000000e+00
8.820542825848992408e+00,-2.316447630137639990e+00,0.000000000000000000e+00
3.558432257206009197e+00,-3.066988864612405497e+00,1.000000000000000000e+00
4.696427171661030187e+00,-1.528269095543763445e+00,1.000000000000000000e+00
3.661207023268324701e+00,-4.240392458269603537e+00,1.000000000000000000e+00
8.959900870653758176e+00,-9.075819752214155933e-01,0.000000000000000000e+00
4.324481521779562243e+00,-4.768410751101961331e+00,1.000000000000000000e+00
3.321444268986763149e+00,-2.551857698856973222e+00,1.000000000000000000e+00
4.572977268351309021e+00,-3.823042850510039781e+00,1.000000000000000000e+00
9.027147568881918716e+00,-2.642857463397155104e+00,0.000000000000000000e+00
3.480070152968315789e+00,-2.345659467273517595e+00,1.000000000000000000e+00
7.561546228661033986e+00,-2.599102212399827305e+00,0.000000000000000000e+00
3.500299321895049331e+00,-2.585927861537347106e+00,1.000000000000000000e+00
5.647008253597478600e+00,-3.366760799650716951e+00,0.000000000000000000e+00
6.590256363729523059e+00,-4.396605223346410796e+00,0.000000000000000000e+00
9.495493400233947057e+00,-2.946090985382523897e+00,0.000000000000000000e+00
4.408106387517701563e+00,-2.670514742677836395e+00,1.000000000000000000e+00
8.126782884531356999e+00,-2.132496554469228478e+00,0.000000000000000000e+00
5.533249862804806796e+00,-2.614710655825313257e+00,1.000000000000000000e+00
9.352653706873592654e+00,-3.701508898870043751e+00,0.000000000000000000e+00
7.503479179630017981e+00,-2.709467390758334648e+00,0.000000000000000000e+00
3.881234992534813966e+00,-1.466548095754330205e+00,1.000000000000000000e+00
8.613807654573870209e+00,-2.553086465491715806e+00,0.000000000000000000e+00
3.662327861804138607e+00,-3.201662431155432920e+00,1.000000000000000000e+00
7.841464729676077994e+00,-2.022567919546620629e+00,0.000000000000000000e+00
9.602068635542220676e+00,-5.270189553753678702e+00,0.000000000000000000e+00
7.891093629733415327e+00,-3.436372774276001074e+00,0.000000000000000000e+00
4.078070298391347492e+00,-2.856245723257875291e+00,1.000000000000000000e+00
4.554891218751470738e+00,-3.038959946309014004e+00,1.000000000000000000e+00
7.593492569146434334e+00,-2.491767425269928005e+00,0.000000000000000000e+00
4.729100508125473112e+00,-3.302705400327809127e+00,1.000000000000000000e+00
4.753699750183368877e+00,-2.094640016689416129e+00,1.000000000000000000e+00
5.446043030813735086e+00,-2.332429357416557547e+00,1.000000000000000000e+00
4.314929483786088760e+00,-5.716162439114023108e-01,1.000000000000000000e+00
7.632900248414898670e+00,-2.715873531761247683e+00,0.000000000000000000e+00
4.055088110724451411e+00,-4.597084532665252965e+00,1.000000000000000000e+00
5.567523914226256920e+00,-2.065458196708166216e+00,1.000000000000000000e+00
7.687920630358386909e+00,-3.180725654958479254e+00,0.000000000000000000e+00
8.499285465735406220e+00,-2.797210901608852662e+00,0.000000000000000000e+00
4.427811805977762027e+00,-2.211056382286911148e+00,1.000000000000000000e+00
3.882175990968378620e+00,-2.288355803548638434e+00,1.000000000000000000e+00
4.698980799629723037e+00,-2.145997985526707730e+00,1.000000000000000000e+00
8.219158893250000375e+00,-6.421012698693810972e-01,0.000000000000000000e+00
8.340452091809700264e+00,-1.382365071702070569e+00,0.000000000000000000e+00
6.855060615320161865e+00,-1.090100679396469596e+00,0.000000000000000000e+00
7.431717390744855933e+00,-1.460535828883489540e+00,0.000000000000000000e+00
6.999733722323608021e+00,-1.995286939532921799e+00,0.000000000000000000e+00
7.764587640120773848e+00,-1.864169515786573195e+00,0.000000000000000000e+00
9.490796957617057217e+00,-2.505004225998940903e+00,0.000000000000000000e+00
9.196956808424420871e+00,-1.096792561205271355e+00,0.000000000000000000e+00
7.689273632447344298e+00,-2.158120714104145410e+00,0.000000000000000000e+00
4.625444578643707949e+00,-3.914842602567173202e+00,1.000000000000000000e+00
2.771801481291776170e+00,-3.497006806782811505e+00,1.000000000000000000e+00
8.509721716788755330e+00,-1.896217555618797013e+00,0.000000000000000000e+00
4.971251544356542595e+00,-3.193237544399330829e+00,1.000000000000000000e+00
4.687238162014215170e+00,-3.259617993455330875e+00,1.000000000000000000e+00
3.988992218265849488e+00,-1.707931797121122974e+00,1.000000000000000000e+00
7.401927945827248223e+00,-5.747676098565028813e-01,0.000000000000000000e+00
7.496646128318666058e+00,-1.041264048549738641e+00,0.000000000000000000e+00
4.462010705833791668e+00,-3.384322658015000762e+00,1.000000000000000000e+00
5.568554503246564202e+00,-3.713371511410818115e+00,1.000000000000000000e+00
5.745244899652240278e+00,-1.502208797499030579e+00,1.000000000000000000e+00
4.382399687201862903e+00,-2.626319152553710623e+00,1.000000000000000000e+00
3.163468423752324288e+00,-2.842694248388118350e+00,1.000000000000000000e+00
4.621470257297877637e+00,-2.647603794792347198e+00,1.000000000000000000e+00
7.124060129205853187e+00,-1.118628628567003735e+00,0.000000000000000000e+00
5.350301494339689157e+00,-4.866016079155158103e+00,1.000000000000000000e+00
3.584266514133082726e+00,-2.876829708599677016e+00,1.000000000000000000e+00
7.941077496377638489e+00,-2.282733574159887979e+00,0.000000000000000000e+00
8.236758485343353087e+00,-2.814389128632849513e+00,0.000000000000000000e+00
8.229705108462066931e+00,-1.297730118027355939e+00,0.000000000000000000e+00
8.567824276643918324e+00,-2.827964583319581671e+00,0.000000000000000000e+00
6.216899524774825103e+00,-2.214627718455179473e+00,0.000000000000000000e+00
5.702679189494055834e+00,-2.191551857674324033e+00,1.000000000000000000e+00
8.083529375700166497e+00,-1.965603084199004869e+00,0.000000000000000000e+00
9.556708035640362198e+00,-1.995459663078998469e+00,0.000000000000000000e+00
4.197757928248955217e+00,-2.797039805141190438e+00,1.000000000000000000e+00
8.805058153414533351e+00,-2.314998210648682164e+00,0.000000000000000000e+00
1.033991008180341531e+01,-3.047653182246351733e+00,0.000000000000000000e+00
9.116463598065870144e+00,-2.529513428474455150e+00,0.000000000000000000e+00
3.924283788692283448e+00,-1.731101977473583631e+00,1.000000000000000000e+00
3.353373778845285091e+00,-2.608090513618061657e+00,1.000000000000000000e+00
7.630326994082690106e+00,-2.925509300433889681e+00,0.000000000000000000e+00
4.457701248897341983e+00,-3.905553134342284238e+00,1.000000000000000000e+00
4.345251919863894585e+00,-2.792109850311503383e+00,1.000000000000000000e+00
5.570288116622103658e+00,-3.324830658048129273e+00,1.000000000000000000e+00
8.080112759473911055e+00,-1.881879064157552461e+00,0.000000000000000000e+00
4.754812720647881186e+00,-2.139319364331619067e+00,1.000000000000000000e+00
5.521657175996617539e+00,-4.103528957817755618e+00,1.000000000000000000e+00
8.011918750365270014e+00,-2.192763369921812089e+00,0.000000000000000000e+00
1.039584283541993770e+01,-2.716398202665953221e+00,0.000000000000000000e+00
4.983374195064808276e+00,-4.213010042826459411e+00,1.000000000000000000e+00
8.280356807501568994e+00,-2.182366420970278220e+00,0.000000000000000000e+00
4.527315589740021906e+00,-3.336435873252108220e+00,1.000000000000000000e+00
6.332567682082802740e+00,-2.118348748512380197e+00,1.000000000000000000e+00
8.078366963651451016e+00,-1.454694326784220060e+00,0.000000000000000000e+00
4.210338733811327394e+00,-2.720958869019621584e+00,1.000000000000000000e+00
4.606143974208376513e+00,-2.565463458978485711e+00,1.000000000000000000e+00
3.615689165394254445e+00,-4.263705938619191116e+00,1.000000000000000000e+00
6.163777156973277549e+00,-1.792366353835731507e+00,1.000000000000000000e+00
4.905910780632305013e+00,-4.828979856745181820e+00,1.000000000000000000e+00
5.779989188562392854e+00,-2.250059427359456077e+00,0.000000000000000000e+00
7.331901301199156507e+00,-2.101637130491048833e+00,0.000000000000000000e+00
7.680423370532973415e+00,-2.779636251478213360e+00,0.000000000000000000e+00
7.873605007595601890e+00,-8.762194304064301331e-01,0.000000000000000000e+00
9.002457146863365622e+00,-2.620754577814560893e+00,0.000000000000000000e+00
7.885451360706527524e+00,-2.654388973875754676e+00,0.000000000000000000e+00
2.229200010581102287e+00,-3.429475494211861708e+00,1.000000000000000000e+00
5.112108339036810278e+00,-1.702285224376961059e+00,1.000000000000000000e+00
8.758131141623350047e+00,-3.727120068992365809e+00,0.000000000000000000e+00
8.949249899429398525e+00,-2.862350110279069604e+00,0.000000000000000000e+00
5.118708501906663599e+00,-3.904729897791774818e+00,1.000000000000000000e+00
3.518230288078024515e+00,-2.625327129696524597e+00,1.000000000000000000e+00
6.245552280882512797e+00,-2.674370936273338106e+00,1.000000000000000000e+00
8.251845793046198807e+00,-1.483760322914029928e+00,0.000000000000000000e+00
1.031214912891154967e+01,-2.832030470597922012e+00,0.000000000000000000e+00
8.032477855925741039e+00,-2.313815900865696218e+00,0.000000000000000000e+00
4.325820868627479499e+00,-3.018762656441379644e+00,1.000000000000000000e+00
5.009681137969052678e+00,-4.199060628681674956e+00,1.000000000000000000e+00
4.252777916606675035e+00,-1.960026252992178808e+00,1.000000000000000000e+00
7.466499913001847233e+00,-2.186810654110900920e+00,0.000000000000000000e+00
8.769752780579159079e+00,-3.937945814102294051e+00,0.000000000000000000e+00
2.108616888086332963e+00,-3.283308776471277390e+00,1.000000000000000000e+00
4.520266477575561659e+00,-2.327034291869429339e+00,1.000000000000000000e+00
4.769148119981571732e+00,-2.528827619618644995e+00,1.000000000000000000e+00
3.766941874077118779e+00,-1.879022128843642836e+00,1.000000000000000000e+00
8.517593305411338633e+00,-2.916470402562114650e+00,0.000000000000000000e+00
5.985905908779598050e+00,-1.987934010045562694e+00,1.000000000000000000e+00
4.953210060265378800e+00,-1.601486578991414333e+00,0.000000000000000000e+00
4.303739227675000834e+00,-2.789902099294415905e+00,1.000000000000000000e+00
6.150085777265466014e+00,-3.161293493969519197e+00,1.000000000000000000e+00
7.305527153324768541e+00,-2.628220022883474893e+00,0.000000000000000000e+00
5.573116515314321617e+00,-4.555382310435840409e+00,1.000000000000000000e+00
4.381041489296382707e+00,-2.297438589215563098e+00,1.000000000000000000e+00
8.970579968277155203e+00,-3.783224760285296639e+00,0.000000000000000000e+00
7.915894177422398315e+00,-1.634497393510795149e+00,0.000000000000000000e+00
9.469520325311670206e+00,-1.384525843673923173e+00,0.000000000000000000e+00
7.424990062258626011e+00,-2.840641875566386254e+00,0.000000000000000000e+00
1.005878738588394583e+01,-2.804825694706164718e+00,0.000000000000000000e+00
7.273450153560919063e+00,-3.119192505321510378e+00,0.000000000000000000e+00
8.231514493964684931e+00,-1.668536209807035986e+00,0.000000000000000000e+00
5.402019905916819908e+00,-1.604111224330229790e+00,1.000000000000000000e+00
7.864953535147924057e+00,-1.308089650840945417e+00,0.000000000000000000e+00
8.890712312839262665e+00,-3.647414946849651507e+00,0.000000000000000000e+00
7.992952010585873346e+00,-2.620613989983790582e+00,0.000000000000000000e+00
7.645350312646097990e+00,-3.780265995667323686e+00,0.000000000000000000e+00
3.096657011625743472e+00,-1.851144170215116125e+00,1.000000000000000000e+00
3.989399205808525917e+00,-3.278609539968563524e+00,1.000000000000000000e+00
6.876112119829195457e+00,-2.483971671628038891e+00,0.000000000000000000e+00
5.388772939962607644e+00,-3.192596215932954173e+00,1.000000000000000000e+00
8.830906696387406996e+00,-1.905167999406554014e+00,0.000000000000000000e+00
8.532643152148072119e+00,-2.226389609732032593e+00,0.000000000000000000e+00
7.504729952477488197e+00,-7.770377629441094225e-01,0.000000000000000000e+00
7.556708175666885019e+00,-3.519773890375181402e+00,0.000000000000000000e+00
5.554203854215218783e+00,-3.527177758117040707e+00,1.000000000000000000e+00
8.878045742438382959e+00,-2.312533164710152800e+00,0.000000000000000000e+00
9.366218034505699563e+00,-2.482608969362068319e+00,0.000000000000000000e+00
4.773545782472209176e+00,-3.216738503784440706e+00,1.000000000000000000e+00
6.102541267287214133e+00,-2.602307268202523893e+00,0.000000000000000000e+00
6.599308756180626290e+00,-2.515019739200270443e+00,0.000000000000000000e+00
6.437608747861660596e+00,-1.132695830744652188e+00,0.000000000000000000e+00
3.217605133858311817e+00,-2.245214779886707035e+00,1.000000000000000000e+00
4.814662235484806985e+00,-2.526240350096505605e+00,1.000000000000000000e+00
6.424829700485361172e+00,-2.494839872345319343e+00,0.000000000000000000e+00
6.952695100129137273e+00,-1.227791755854716227e+00,0.000000000000000000e+00
8.341011152736758305e+00,-4.456862382096635322e+00,0.000000000000000000e+00
4.605254532951541080e+00,-2.380000087432662781e+00,1.000000000000000000e+00
7.859155872498423179e+00,-3.863093214328597647e+00,0.000000000000000000e+00
3.485789467068998171e+00,-1.400417624262138894e+00,1.000000000000000000e+00
7.633645121739129458e+00,-2.473936379791326079e+00,0.000000000000000000e+00
4.277014086595455566e+00,-1.934720389365711668e+00,1.000000000000000000e+00
8.255985242982173844e+00,-2.912058134558756173e+00,0.000000000000000000e+00
9.373054336458199742e+00,-1.513865608585091671e+00,0.000000000000000000e+00
4.052205489000050065e+00,-3.370315699317600000e+00,1.000000000000000000e+00
7.094057242022413945e+00,-1.021026499842072832e+00,0.000000000000000000e+00
8.346296906533007487e+00,-2.470474006903571329e+00,0.000000000000000000e+00
2.960621914770969809e+00,-4.861771930167952505e+00,1.000000000000000000e+00
4.086489787932539031e+00,-4.303756122951581276e+00,1.000000000000000000e+00
6.568143416624048214e+00,-1.443474390463045598e+00,0.000000000000000000e+00
8.371452952491200250e+00,-1.986487246337083956e+00,0.000000000000000000e+00
4.394803335651103815e+00,-3.851352045801382129e+00,1.000000000000000000e+00
7.505854085302999579e+00,-1.764476599753267871e+00,0.000000000000000000e+00
5.361838113857412047e+00,-3.443654774349039549e+00,1.000000000000000000e+00
6.655644651762615993e+00,-2.543944522894804550e+00,0.000000000000000000e+00
8.420470363363220301e+00,-2.436638307635327294e+00,0.000000000000000000e+00
7.398952469835616164e+00,-1.874603831365433848e+00,0.000000000000000000e+00
7.714547208407868339e+00,-8.452284282362931833e-01,0.000000000000000000e+00
8.403007728020551070e+00,-3.116217965305035698e+00,0.000000000000000000e+00
5.087546856996546296e+00,-3.248948597396881688e+00,1.000000000000000000e+00
4.204261081675247702e+00,-3.543313297736656597e+00,1.000000000000000000e+00
6.033819035026532163e+00,-2.974670266777212024e+00,0.000000000000000000e+00
1.003823246359134558e+01,-1.892896955180606744e+00,0.000000000000000000e+00
9.836365641818757055e+00,-1.909554671221459943e+00,0.000000000000000000e+00
2.708821029791390611e+00,-2.299691916196794139e+00,1.000000000000000000e+00
3.597121816028522545e+00,-8.096860640810517040e-01,1.000000000000000000e+00
4.505295531124549946e+00,-6.446245292063128574e-01,1.000000000000000000e+00
7.329525989578987044e+00,-1.424274784138878092e+00,0.000000000000000000e+00
6.580682450860726007e+00,-3.628302908932070636e+00,1.000000000000000000e+00
9.889787456669553833e+00,-2.776234383214022827e+00,0.000000000000000000e+00
7.354778693982126470e+00,-2.730453149786840950e+00,0.000000000000000000e+00
7.157739368986097084e+00,-3.245783857672960071e+00,0.000000000000000000e+00
8.618884027586963370e+00,-2.365149976308136281e+00,0.000000000000000000e+00
4.174064970887886972e+00,-2.715886219970130355e+00,1.000000000000000000e+00
5.360592456615504986e+00,-3.542252553555230055e+00,1.000000000000000000e+00
3.512104769715007180e+00,-2.338850871711831036e+00,1.000000000000000000e+00
3.471105315887327514e+00,-3.300322862543726643e+00,1.000000000000000000e+00
4.160090146488563789e+00,-4.104167336067302330e+00,1.000000000000000000e+00
8.519812459283912176e+00,-2.867208340555236656e+00,0.000000000000000000e+00
8.542530703738920650e+00,-2.145065747594956829e+00,0.000000000000000000e+00
7.641147437587764379e+00,-1.949356263008509504e+00,0.000000000000000000e+00
8.376063515957801187e+00,-3.571428272968184991e+00,0.000000000000000000e+00
8.647676730677975598e+00,-3.652109365712367328e+00,0.000000000000000000e+00
4.831161809541792529e+00,-3.008938201508550403e+00,1.000000000000000000e+00
4.972794808689965151e+00,-1.892819649267403648e+00,1.000000000000000000e+00
2.787274063841880700e+00,-2.885338009813174232e+00,1.000000000000000000e+00
9.594698806018827852e+00,-1.764921155203796665e+00,0.000000000000000000e+00
9.132105565501758448e+00,-3.675338619166374166e+00,0.000000000000000000e+00
4.452646498405996134e+00,-3.347193539151367858e+00,1.000000000000000000e+00
5.540680075199306387e+00,-3.151917314599091746e+00,1.000000000000000000e+00
5.187920231220079614e+00,-3.220009428599180712e+00,1.000000000000000000e+00
4.900126230140143591e+00,-1.483426085230032720e+00,1.000000000000000000e+00
3.618089000929917809e+00,-1.393920592128897296e+00,1.000000000000000000e+00
4.265457441963547147e+00,-3.682033643939037759e+00,1.000000000000000000e+00
3.309588225257255267e+00,-3.155252944565984929e+00,1.000000000000000000e+00
5.601589455413704677e+00,-2.660354249004003080e+00,1.000000000000000000e+00
8.483636526201934203e+00,-9.380613191383024851e-01,0.000000000000000000e+00
7.593216828092336002e+00,-2.115858903282104908e+00,0.000000000000000000e+00
5.389257715983668540e+00,-2.776650087585020188e+00,1.000000000000000000e+00
7.796012506991457869e+00,-1.076702872480998385e+00,0.000000000000000000e+00
6.289167523893274492e+00,-3.008402436584775241e+00,0.000000000000000000e+00
4.334544349189193291e+00,-4.242860212703393863e+00,1.000000000000000000e+00
6.513833743093154993e+00,-3.613074659197144101e+00,1.000000000000000000e+00
1.021888812009565051e+01,-2.047807062498112174e+00,0.000000000000000000e+00
9.566677673878347221e+00,-2.207949426511093272e-01,0.000000000000000000e+00
6.292994742594264501e+00,-2.644734285370634375e+00,0.000000000000000000e+00
3.298096443132060962e+00,-2.008729265604485725e+00,1.000000000000000000e+00
7.356080085140010993e+00,-4.279123796752633879e+00,0.000000000000000000e+00
8.543817938580145821e+00,-2.433587309780784746e+00,0.000000000000000000e+00
2.578554371340173734e+00,-1.137733175102404459e+00,1.000000000000000000e+00
3.448243637181095167e+00,-3.980939747072524071e+00,1.000000000000000000e+00
5.546061185748158984e+00,-2.684085431159330959e+00,1.000000000000000000e+00
3.991844121553045355e+00,-3.415103821135198725e+00,1.000000000000000000e+00
4.438005097548919586e+00,-3.689357420242159069e+00,1.000000000000000000e+00
3.123885615776956115e+00,-4.070082634497706131e+00,1.000000000000000000e+00
8.051185770956282184e+00,-2.095097032725410369e+00,0.000000000000000000e+00
2.480444880494027782e+00,-2.840291734208808094e+00,1.000000000000000000e+00
6.019220941782775114e+00,-2.741354348181371581e+00,1.000000000000000000e+00
5.473374212731874522e+00,-2.636896193289474777e+00,1.000000000000000000e+00
4.951749791082017182e+00,-2.985516861393441967e+00,1.000000000000000000e+00
8.126305517652303578e+00,-2.390616474465820041e+00,0.000000000000000000e+00
5.076105624829740925e+00,-2.536353921086442309e+00,1.000000000000000000e+00
6.735138480802715044e+00,-1.657090822961310161e+00,0.000000000000000000e+00
9.574760396215241443e+00,-2.351010191788106773e+00,0.000000000000000000e+00
8.686765814130341212e+00,-6.314667839518868231e-01,0.000000000000000000e+00
3.872906078363222093e+00,-3.342758135980057332e+00,1.000000000000000000e+00
8.596253833834442304e+00,-1.879567954424303577e+00,0.000000000000000000e+00
4.304804786764071522e+00,-1.514685025842475108e+00,1.000000000000000000e+00
5.025965446041375628e+00,-2.999989761091099716e+00,1.000000000000000000e+00
4.071542539977886399e+00,-3.611473576833152066e+00,1.000000000000000000e+00
1.055881350833796262e+01,-1.420803413918292568e+00,0.000000000000000000e+00
2.616475403610702521e+00,-3.266506092326679767e+00,1.000000000000000000e+00
4.041376189357574589e+00,-3.253405932903851827e+00,1.000000000000000000e+00
5.560241046635437279e+00,-2.815350199143593635e+00,1.000000000000000000e+00
8.188361779201015267e+00,5.618088024997636154e-03,0.000000000000000000e+00
4.062150382118539405e+00,-4.403768744166555393e+00,1.000000000000000000e+00
3.766729020240097370e+00,-3.162251138295110842e+00,1.000000000000000000e+00
7.745009387713977844e+00,-5.912949701724306451e+00,0.000000000000000000e+00
7.554186119881343586e+00,-1.322872275888994809e+00,0.000000000000000000e+00
8.810341127356270619e+00,-8.054235001404446148e-01,0.000000000000000000e+00
3.440089539342204183e+00,-2.222608354101336392e+00,1.000000000000000000e+00
8.108570658489846039e+00,-2.862699769825025609e+00,0.000000000000000000e+00
8.874010950567745581e+00,-1.979763269341949794e+00,0.000000000000000000e+00
3.478435761869757670e+00,-3.318291514137716725e+00,1.000000000000000000e+00
8.018576916070143668e+00,-8.060751472865783640e-01,0.000000000000000000e+00
6.074620610285352384e+00,-3.100273046538289723e+00,1.000000000000000000e+00
8.819621164587578832e+00,-3.615785239460198142e+00,0.000000000000000000e+00
3.129882535639445962e+00,-2.199195478331373188e+00,1.000000000000000000e+00
5.246398447030515833e+00,-2.680224505284995562e+00,1.000000000000000000e+00
7.772874142013876941e+00,-1.377534631546001087e+00,0.000000000000000000e+00
5.878241414775228435e+00,-2.135747633553643610e+00,1.000000000000000000e+00
5.347371814325676098e+00,-3.728360998407829641e+00,1.000000000000000000e+00
8.288435281391683063e+00,-2.175988998856298373e+00,0.000000000000000000e+00
9.144283958479919150e+00,-2.580530841824094868e+00,0.000000000000000000e+00
5.108212210339525328e+00,-4.360691385797350605e+00,1.000000000000000000e+00
5.161479576993415641e+00,-3.043633389746887907e+00,1.000000000000000000e+00
4.437826418777053306e+00,-2.105830594001023570e+00,1.000000000000000000e+00
4.580911084602076855e+00,-3.190550714750195915e+00,1.000000000000000000e+00
3.689416079904265011e+00,-2.560056090420277375e+00,1.000000000000000000e+00
4.729866864093221324e+00,-2.711907499609403693e+00,1.000000000000000000e+00
8.840254968186116002e+00,-3.543704568971767443e+00,0.000000000000000000e+00
5.473186946589409629e+00,-1.909742484353986081e+00,1.000000000000000000e+00
5.069868434158524728e+00,-1.988723268588504123e+00,1.000000000000000000e+00
7.300803334468378480e+00,-1.021946068553541975e+00,0.000000000000000000e+00
6.533639388896204103e+00,-1.415130686873041110e+00,1.000000000000000000e+00
7.995574663721718878e+00,-1.993003210536209435e+00,0.000000000000000000e+00
7.502961362320822225e+00,-2.103532813304542337e+00,0.000000000000000000e+00
8.183353652039839332e+00,-1.391185374408939301e+00,0.000000000000000000e+00
4.934236652258496392e+00,-3.557130541272909507e+00,1.000000000000000000e+00
6.915795897388808733e+00,-3.588279848373066905e+00,0.000000000000000000e+00
4.277963186855868294e+00,-2.706895703046739765e+00,1.000000000000000000e+00
7.922580006492127680e+00,-3.710054574225245982e+00,0.000000000000000000e+00
7.914304291646286238e+00,-3.367386403078964641e+00,0.000000000000000000e+00
6.645299042030933023e+00,-2.725116341319933522e+00,1.000000000000000000e+00
7.795515704773530175e+00,-1.842387515699028810e+00,0.000000000000000000e+00
9.455125205029776936e+00,-4.927868399009227574e-02,0.000000000000000000e+00
4.072472363000286144e+00,-2.447530624058159798e+00,1.000000000000000000e+00
7.219590536137419967e+00,-2.884650297486668791e+00,0.000000000000000000e+00
3.758945340558895953e+00,-1.187648166850244325e+00,1.000000000000000000e+00
7.606666690441207912e+00,-7.209182169832630827e-01,0.000000000000000000e+00
4.510670109788671667e+00,-3.983592786069571900e+00,1.000000000000000000e+00
4.243450806613404680e+00,-6.006655517020559998e+00,1.000000000000000000e+00
4.017920581113831879e+00,-3.167450912184674117e+00,1.000000000000000000e+00
6.262873539166621484e+00,-4.069623049304735396e+00,1.000000000000000000e+00
3.965137349731574723e+00,-2.904796636084677974e+00,1.000000000000000000e+00
9.723799003564703725e+00,-4.122327577552630906e+00,0.000000000000000000e+00
4.315810496051764922e+00,-2.296162779180116686e+00,1.000000000000000000e+00
5.105764597745920952e+00,-1.093309985305173981e+00,1.000000000000000000e+00
4.890136173149421950e+00,-2.987202247187588089e+00,1.000000000000000000e+00
9.523302714326259633e+00,-3.394233092346535585e+00,0.000000000000000000e+00
5.103891634702856450e+00,-3.105825346180531188e+00,1.000000000000000000e+00
7.555601408713484624e+00,-3.204603474007556407e+00,0.000000000000000000e+00
5.002074411453411251e+00,-4.186957454612260321e+00,1.000000000000000000e+00
7.380309385718317294e+00,-1.485507680729344138e+00,0.000000000000000000e+00
8.740390917580780794e+00,-1.665655069200485450e+00,0.000000000000000000e+00
7.836769360095317438e+00,-4.574582740061197583e+00,0.000000000000000000e+00
8.174696804548917228e+00,-5.140755609486724609e-01,0.000000000000000000e+00
5.393244506204092126e+00,-2.860452192361619073e+00,1.000000000000000000e+00
2.544409299287715420e+00,-1.394648945654545447e+00,1.000000000000000000e+00
9.440360635872286466e+00,-1.453593334397759840e+00,0.000000000000000000e+00
7.307516192370642649e+00,-2.252703573610388865e+00,0.000000000000000000e+00
3.547901694742393808e+00,-3.739099681738076164e+00,1.000000000000000000e+00
2.805055685959775058e+00,-2.561022023912088663e+00,1.000000000000000000e+00
9.037122707035839753e+00,-2.651838210258361972e+00,0.000000000000000000e+00
5.033138980616051583e+00,-8.873322012590134644e-01,1.000000000000000000e+00
5.109946648524348767e+00,-3.269765981048413206e+00,1.000000000000000000e+00
3.884158688872947351e+00,-3.608683701270892108e+00,1.000000000000000000e+00
1.225708685762733907e+01,-1.047822434007456893e+00,0.000000000000000000e+00
5.138492783071844094e+00,-1.888418281580286351e+00,0.000000000000000000e+00
5.644954305425907037e+00,-4.381232938506838259e+00,1.000000000000000000e+00
7.737131032446280976e+00,-1.843189843447074816e+00,0.000000000000000000e+00
3.811992895565669670e+00,-2.526909611446567894e+00,1.000000000000000000e+00
7.674571338281210409e+00,-8.125240644117239786e-01,0.000000000000000000e+00
7.326800878077870394e+00,-1.027753359934855393e+00,0.000000000000000000e+00
4.501614231879694117e+00,-4.443608463267547215e+00,1.000000000000000000e+00
5.183724600567370722e+00,-2.466661086289023697e+00,1.000000000000000000e+00
5.992435804024778712e+00,-3.771613494487026763e+00,1.000000000000000000e+00
3.746754738754063840e+00,-4.528427902882848244e+00,1.000000000000000000e+00
4.440451382355544929e+00,-2.469824411821370358e+00,1.000000000000000000e+00
8.028854047503049429e+00,-1.366120659300374296e+00,0.000000000000000000e+00
5.519483021323416061e+00,2.974173386489429305e-01,0.000000000000000000e+00
7.514062673720607322e+00,-2.187678131898715073e+00,0.000000000000000000e+00
9.460733349824558047e+00,1.064907404441624017e-01,0.000000000000000000e+00
3.376345916800358893e+00,-2.136466647836790855e+00,1.000000000000000000e+00
5.923198169250406764e+00,-3.550127738040048886e+00,1.000000000000000000e+00
5.887263451429794792e+00,-1.550990007514828850e+00,1.000000000000000000e+00
6.518028795438565837e+00,-1.491105830323190995e+00,0.000000000000000000e+00
5.110622332450573957e+00,-4.056874908929305690e+00,1.000000000000000000e+00
4.004271083437238588e+00,-2.359114748079714552e+00,1.000000000000000000e+00
7.840439932343657325e+00,-2.501434950971404003e+00,0.000000000000000000e+00
9.306839256078502487e+00,-3.351701631368994239e+00,0.000000000000000000e+00
9.567247498057540156e+00,-2.457727630155133181e+00,0.000000000000000000e+00
7.251795747999183916e+00,-1.943143720183659884e+00,0.000000000000000000e+00
5.845702116094493306e+00,-4.809197143461986457e+00,1.000000000000000000e+00
8.742270474824069382e+00,-3.332425669874572893e+00,0.000000000000000000e+00
9.423901078101380335e+00,-1.060100340265249352e+00,0.000000000000000000e+00
6.892201687554442735e+00,-2.176571010041745691e+00,0.000000000000000000e+00
7.597225551314556569e+00,-2.767264260442879209e+00,0.000000000000000000e+00
8.250503263918885111e+00,-2.032199916681308061e+00,0.000000000000000000e+00
7.568789691386703211e+00,-2.731240586845418150e+00,0.000000000000000000e+00
7.840895328072150505e+00,-6.276171153580838435e-01,0.000000000000000000e+00
3.219836532873408430e+00,-3.537972537725611488e+00,1.000000000000000000e+00
8.803926282349257448e+00,-1.280536906582818046e+00,0.000000000000000000e+00
7.902498959648548649e+00,-1.760009123900627026e+00,0.000000000000000000e+00
4.688379222520610234e+00,-2.463663495730566311e+00,1.000000000000000000e+00
4.721394449266725246e+00,-3.863045343342440763e+00,1.000000000000000000e+00
8.167132633818200205e+00,-2.510468069564784965e+00,0.000000000000000000e+00
3.898150507723876057e+00,-2.906780024539924234e+00,1.000000000000000000e+00
3.914173486438810023e+00,-4.102723174555951147e+00,1.000000000000000000e+00
3.900330073617977344e+00,-1.313799055812392202e+00,1.000000000000000000e+00
6.368828617689231031e+00,-3.486815496674645409e+00,1.000000000000000000e+00
8.348317170756295980e+00,-6.793706391855822702e-01,0.000000000000000000e+00
3.363087274270999849e+00,-2.667939282950595903e+00,1.000000000000000000e+00
3.530152514432800093e+00,-2.187333848361485700e+00,1.000000000000000000e+00
8.805144572238610579e+00,-3.432069497350902942e+00,0.000000000000000000e+00
1.021973229872839184e+01,-9.489801822387173846e-01,0.000000000000000000e+00
4.693874620721896207e+00,-1.814244916941352814e+00,1.000000000000000000e+00
4.803973547929654586e+00,-1.515182470874230303e+00,1.000000000000000000e+00
7.528607300367368360e+00,-2.918181573018025610e+00,0.000000000000000000e+00
7.218683180337643890e+00,-1.365609766766066713e+00,0.000000000000000000e+00
8.910543907772066063e+00,-4.720280744916229843e+00,0.000000000000000000e+00
8.329694694250965981e+00,-3.094684497000528722e+00,0.000000000000000000e+00
4.509059854833061820e+00,-2.875428726163891113e+00,1.000000000000000000e+00
1.034790407837972914e+01,-3.434097083791587401e+00,0.000000000000000000e+00
7.558216561283923163e+00,-2.097746046435947864e+00,0.000000000000000000e+00
4.392148131015163770e+00,-3.683493613871871020e+00,1.000000000000000000e+00
7.777841577011991525e+00,-1.939256193435064723e+00,0.000000000000000000e+00
7.651807900165195520e+00,-1.510230769747193058e+00,0.000000000000000000e+00
8.279106835910466700e+00,-3.091989476236634893e+00,0.000000000000000000e+00
8.903606271693513818e+00,-2.762153291538897992e+00,0.000000000000000000e+00
7.531038724722512789e+00,-1.387748806296576376e+00,0.000000000000000000e+00
4.456867127721086952e+00,-3.699705096479793731e+00,1.000000000000000000e+00
8.408049696059787692e+00,-4.882296491386969528e+00,0.000000000000000000e+00
4.520041529239277267e+00,-4.297427817181054266e+00,1.000000000000000000e+00
3.695317576378519320e+00,-3.221009033168165558e+00,1.000000000000000000e+00
4.682944642037456973e+00,-3.804834303391026129e+00,1.000000000000000000e+00
4.966349464004597536e+00,-2.308191740769867550e+00,1.000000000000000000e+00
4.654681827734720834e+00,-2.725427146234792986e+00,1.000000000000000000e+00
8.616576188036923156e+00,-1.688509980830477097e+00,0.000000000000000000e+00
6.012622562402949455e+00,-2.873210286871595187e+00,1.000000000000000000e+00
4.360701475815825567e+00,-1.831851226108992980e+00,1.000000000000000000e+00
5.737590764932818388e+00,-3.098832229517603842e+00,1.000000000000000000e+00
5.186183654628858442e+00,-2.428710476766914539e+00,1.000000000000000000e+00
4.925550051951294250e+00,-3.716015324781229978e+00,1.000000000000000000e+00
6.304106985507099914e+00,-1.020873039525996173e+00,0.000000000000000000e+00
8.510897120558686524e+00,-1.976893279885855392e+00,0.000000000000000000e+00
4.002800334337178967e+00,-3.630045724159845388e+00,1.000000000000000000e+00
4.624396128295494179e+00,-4.996339736423884403e+00,1.000000000000000000e+00
7.064213017689525032e+00,-1.287086463894739019e+00,0.000000000000000000e+00
9.305062422431500835e+00,-1.443079971655623073e+00,0.000000000000000000e+00
3.566191806026917988e+00,-1.211372455793534142e+00,1.000000000000000000e+00
4.151820358667656308e+00,-9.349226047607679391e-01,1.000000000000000000e+00
5.210366102840507274e+00,-3.030283626370950056e+00,1.000000000000000000e+00
6.442434437056467011e+00,-2.585339696423286426e+00,0.000000000000000000e+00
4.158773998117066384e+00,-2.421909161137582256e+00,1.000000000000000000e+00
8.560561902631993902e+00,-3.527096892130145989e+00,0.000000000000000000e+00
8.585698209565007843e+00,-2.662899603023474171e+00,0.000000000000000000e+00
7.155762426957219091e+00,-2.044034662518870338e+00,0.000000000000000000e+00
5.882793933798208919e+00,-2.063163532867229755e+00,1.000000000000000000e+00
1.006886149499408312e+01,-1.629547921127462828e+00,0.000000000000000000e+00
4.954089581432387313e+00,-2.557388351118798919e+00,1.000000000000000000e+00
4.128490411482765410e+00,-4.631164387599229215e+00,1.000000000000000000e+00
5.969391795698605563e+00,-3.415755298687105146e+00,1.000000000000000000e+00
3.213805301572828732e+00,-1.897765110555793111e+00,1.000000000000000000e+00
7.613448463697142010e+00,-4.190584214859125467e+00,0.000000000000000000e+00
6.888507111556034346e+00,-2.579464136108127192e+00,1.000000000000000000e+00
8.793298708742167236e+00,1.293624395894026780e+00,0.000000000000000000e+00
4.894491871782921777e+00,-2.571418891834611919e+00,1.000000000000000000e+00
5.634244129396444478e+00,-2.985643418147029937e+00,1.000000000000000000e+00
7.672385169226963342e+00,-2.187794107549327904e+00,0.000000000000000000e+00
3.263959364909088556e+00,-3.860077649935316213e+00,1.000000000000000000e+00
5.255157882409565495e+00,-3.013649526085345531e+00,1.000000000000000000e+00
7.281483642771701348e+00,-2.054711313732621392e+00,0.000000000000000000e+00
4.092915595736783985e+00,-3.091741417527847702e+00,1.000000000000000000e+00
7.093929438182700054e+00,-1.910761146970207713e+00,0.000000000000000000e+00
7.925150077005503668e+00,-2.730140733397332653e+00,0.000000000000000000e+00
7.268993625755800991e+00,-1.365937353830813050e+00,0.000000000000000000e+00
7.399182136226735373e+00,-1.604336100555814770e+00,0.000000000000000000e+00
8.359753576571675282e+00,-1.811208591483645547e+00,0.000000000000000000e+00
4.937654196907645066e+00,-1.699090012987250375e+00,1.000000000000000000e+00
4.573924072509375272e+00,-2.982524429270431376e+00,1.000000000000000000e+00
8.429807258582185270e+00,-2.271527064169412746e+00,0.000000000000000000e+00
6.850589382183628118e+00,-2.030627888635240463e+00,0.000000000000000000e+00
8.873765352339340495e+00,-2.196270521676546572e+00,0.000000000000000000e+00
7.747523038102552384e+00,-8.895843822826350333e-01,0.000000000000000000e+00
3.868516493617276453e+00,-2.989811876121075684e+00,1.000000000000000000e+00
3.250338988956277930e+00,-1.853541014129688413e+00,1.000000000000000000e+00
8.541343855942912455e+00,-2.528604842284080778e+00,0.000000000000000000e+00
7.400805206165118832e+00,-2.354212808505181886e+00,0.000000000000000000e+00
4.503262224387270862e+00,-3.586864995244465337e+00,1.000000000000000000e+00
7.816991576806834097e+00,-1.818573823593458760e+00,0.000000000000000000e+00
6.892117501070524455e+00,-3.917076317802559160e+00,0.000000000000000000e+00
8.391174700473436943e+00,-4.406433101632462268e+00,0.000000000000000000e+00
8.862808747778217366e+00,-2.827909817360862110e+00,0.000000000000000000e+00
8.465907091292791620e+00,-2.167763278432648821e+00,0.000000000000000000e+00
7.938635712524849453e+00,-1.632104094140740758e+00,0.000000000000000000e+00
3.750406384109296720e+00,-2.962054131636156828e+00,1.000000000000000000e+00
2.587959388846218900e+00,-3.710796128241676595e+00,1.000000000000000000e+00
4.847564064870825362e+00,-3.565520145030473653e+00,1.000000000000000000e+00
4.608692416007358794e+00,-3.045231991739084876e+00,1.000000000000000000e+00
3.810423154573514104e+00,-3.767823866659954835e+00,1.000000000000000000e+00
8.336401605141544380e+00,-2.146459505008355251e+00,0.000000000000000000e+00
4.721591339977488921e+00,-3.513112592722897887e+00,1.000000000000000000e+00
3.728352525270590689e+00,-3.659115908949892138e+00,1.000000000000000000e+00
6.884264932037126528e+00,-6.672901494017402513e-01,0.000000000000000000e+00
4.510862866326659670e+00,-4.328769031654297272e+00,1.000000000000000000e+00
3.780271327439196583e+00,-3.632865996848851253e+00,1.000000000000000000e+00
8.398678076647929203e+00,-2.671921658349376560e+00,0.000000000000000000e+00
3.769024507745006858e+00,-2.539058196590709304e+00,1.000000000000000000e+00
6.516926280509246716e+00,-3.426108107979665363e+00,1.000000000000000000e+00
5.427625419279759278e+00,-1.952479181862599500e+00,1.000000000000000000e+00
3.849626617399725781e+00,-4.945478387701939482e+00,1.000000000000000000e+00
9.004472672665441380e+00,-2.647607930523015796e+00,0.000000000000000000e+00
7.812696676774027793e+00,-2.545457877970025873e+00,0.000000000000000000e+00
5.002546032265490439e+00,-8.718480911877750650e-01,1.000000000000000000e+00
4.497576254965947484e+00,-3.779167402624260763e+00,1.000000000000000000e+00
3.025376180657337155e+00,-2.741480921979416507e+00,1.000000000000000000e+00
4.280333875063476512e+00,-1.992997241469788516e+00,1.000000000000000000e+00
4.817472404372968420e+00,-2.278499129661408773e+00,1.000000000000000000e+00
9.980116021533046222e+00,-1.653592284170821713e+00,0.000000000000000000e+00
9.162170646968480270e+00,-8.216554780226605903e-01,0.000000000000000000e+00
5.204343112709806540e+00,-4.138636502832714115e+00,1.000000000000000000e+00
4.727684505054578601e+00,-3.920707695255040814e+00,1.000000000000000000e+00
8.434453426286140143e+00,-1.517294160226643207e+00,0.000000000000000000e+00
4.092988296493860645e+00,-3.043572981532101540e+00,1.000000000000000000e+00
5.756446262387534318e+00,-2.825578970477902185e+00,1.000000000000000000e+00
3.822209817376128527e+00,-1.345512165563479190e+00,1.000000000000000000e+00
5.753089809943035426e+00,-1.518272325503999154e+00,1.000000000000000000e+00
7.054477247282325614e+00,-3.951159050724619703e+00,0.000000000000000000e+00
2.344989654302962467e+00,-3.553925087593531984e+00,1.000000000000000000e+00
8.120260051188433081e+00,-3.875982502244718741e+00,0.000000000000000000e+00
8.538855597101013828e+00,-3.566574202946568128e+00,0.000000000000000000e+00
9.979110168822904470e+00,-1.890176566435656902e+00,0.000000000000000000e+00
5.051297582629841187e+00,-2.725535797256561032e+00,1.000000000000000000e+00
7.565942790765971537e+00,-3.113648786993521433e-01,0.000000000000000000e+00
4.660145369444722796e+00,-4.207668893663392140e+00,1.000000000000000000e+00
8.188020926607148198e+00,-1.775550435575765640e+00,0.000000000000000000e+00
5.585669175125874020e+00,-5.462566101544130248e+00,1.000000000000000000e+00
8.421537065018450008e+00,-2.721118713048202409e+00,0.000000000000000000e+00
8.284031331066790571e+00,-2.332153219009869716e+00,0.000000000000000000e+00
